team,QB rank,wk 12,wk 13,wk 14,wk 15,  ,team,RB rank,wk 12,wk 13,wk 14,wk 15,  ,team,WR rank,wk 12,wk 13,wk 14,wk 15,  ,team,TE rank,wk 12,wk 13,wk 14,wk 15,  ,team,K rank,wk 12,wk 13,wk 14,wk 15,  
DET,71.17142857142856,MIN -  Sam Bradford Shaun Hill,NO -  Drew Brees,CHI -  Brian Hoyer Jay Cutler Matt Barkley,NYG -  Eli Manning,  ,SF,45.25714285714286,MIA -  Jay Ajayi Kenyan Drake Damien Williams,CHI -  Jordan Howard Jeremy Langford Ka'Deem Carey,NYJ -  Matt Forte Bilal Powell Troymaine Pope,ATL -  Devonta Freeman Tevin Coleman,  ,CHI,49.685714285714276,TEN -  Rishard Matthews Tajae Sharpe Kendall Wright Andre Johnson Harry Douglas Marc Mariani,SF -  Jeremy Kerley Torrey Smith Quinton Patton Rod Streater Aaron Burbridge Keshawn Martin,DET -  Marvin Jones Golden Tate Anquan Boldin Andre Roberts,GB -  Randall Cobb Davante Adams Jordy Nelson Ty Montgomery Jeff Janis Jared Abbrederis Trevor Davis,  ,CLE,21.542857142857144,NYG -  Will Tye Larry Donnell Jerell Adams,BYE,CIN -  C.J. Uzomah Tyler Kroft Tyler Eifert,BUF -  Charles Clay Nick O'Leary,  ,JAC,10.666666666666666,BUF -  Dan Carpenter,DEN -  Brandon McManus,MIN -  Blair Walsh,HOU -  Nick Novak,  
CLE,70.54285714285713,NYG -  Eli Manning,BYE,CIN -  Andy Dalton,BUF -  Tyrod Taylor EJ Manuel,  ,NO,41.333333333333336,LA -  Todd Gurley Benny Cunningham Malcolm Brown Chase Reynolds,DET -  Theo Riddick Ameer Abdullah Dwayne Washington Justin Forsett,TB -  Jacquizz Rodgers Charles Sims Peyton Barber Doug Martin Antone Smith Alan Cross,ARI -  David Johnson Chris Johnson Andre Ellington Stepfan Taylor,  ,KC,48.50000000000001,DEN -  Emmanuel Sanders Demaryius Thomas Jordan Norwood Bennie Fowler Jordan Taylor Cody Latimer,ATL -  Julio Jones Mohamed Sanu Taylor Gabriel Aldrick Robinson Justin Hardy Eric Weems,OAK -  Amari Cooper Michael Crabtree Seth Roberts Andre Holmes Johnny Holton,TEN -  Rishard Matthews Tajae Sharpe Kendall Wright Andre Johnson Harry Douglas Marc Mariani,  ,CAR,20.433333333333334,OAK -  Clive Walford Mychal Rivera Lee Smith,SEA -  Jimmy Graham Luke Willson Brandon Williams Nick Vannett George Fant,SD -  Hunter Henry Antonio Gates Sean McGrath,WAS -  Jordan Reed Vernon Davis Niles Paul,  ,NYG,9.571428571428571,CLE -  Cody Parkey Patrick Murray,PIT -  Chris Boswell,DAL -  Dan Bailey,DET -  Matt Prater,  
OAK,70.42857142857142,CAR -  Cam Newton Derek Anderson Joe Webb,BUF -  Tyrod Taylor EJ Manuel,KC -  Alex Smith,SD -  Philip Rivers Kellen Clemens,  ,PIT,40.714285714285715,IND -  Frank Gore Robert Turbin Josh Ferguson Jordan Todman,NYG -  Shane Vereen Rashad Jennings Orleans Darkwa Bobby Rainey Paul Perkins,BUF -  LeSean McCoy Mike Gillislee Jonathan Williams Jerome Felton Reggie Bush,CIN -  Jeremy Hill Giovani Bernard Rex Burkhead,  ,OAK,47.8,CAR -  Kelvin Benjamin Ted Ginn Corey Brown Devin Funchess,BUF -  Marquise Goodwin Robert Woods Greg Salas Walt Powell Sammy Watkins Justin Hunter Brandon Tate,KC -  Jeremy Maclin Chris Conley Tyreek Hill Albert Wilson De'Anthony Thomas Demarcus Robinson,SD -  Tyrell Williams Travis Benjamin Dontrelle Inman Keenan Allen Dexter McCluster Griff Whalen,  ,DET,18.37142857142857,MIN -  Kyle Rudolph Rhett Ellison MyCole Pruitt,NO -  Coby Fleener Josh Hill,CHI -  Zach Miller Logan Paulsen Ben Braunecker,NYG -  Will Tye Larry Donnell Jerell Adams,  ,IND,9.0,PIT -  Chris Boswell,NYJ -  Nick Folk,HOU -  Nick Novak,MIN -  Blair Walsh,  
ATL,69.8,ARI -  Carson Palmer Drew Stanton,KC -  Alex Smith,LA -  Case Keenum,SF -  Blaine Gabbert Colin Kaepernick,  ,IND,40.25714285714287,PIT -  Le'Veon Bell DeAngelo Williams Fitzgerald Toussaint,NYJ -  Matt Forte Bilal Powell Troymaine Pope,HOU -  Lamar Miller Alfred Blue Jonathan Grimes Tyler Ervin,MIN -  Jerick McKinnon Matt Asiata Adrian Peterson Ronnie Hillman,  ,NYJ,47.42857142857143,NE -  Julian Edelman Chris Hogan Danny Amendola Malcolm Mitchell Matthew Slater,IND -  T.Y. Hilton Phillip Dorsett Chester Rogers Donte Moncrief Quan Bray Devin Street,SF -  Jeremy Kerley Torrey Smith Quinton Patton Rod Streater Aaron Burbridge Keshawn Martin,MIA -  Jarvis Landry Kenny Stills DeVante Parker Leonte Carroo Jakeem Grant,  ,ATL,16.914285714285715,ARI -  Jermaine Gresham Darren Fells Ifeanyi Momah Troy Niklas Hakeem Valles,KC -  Travis Kelce Demetrius Harris Ross Travis James O'Shaughnessy,LA -  Lance Kendricks Tyler Higbee Cory Harkey Temarrick Hemingway,SF -  Vance McDonald Garrett Celek Blake Bell Je'Ron Hamm,  ,CHI,8.714285714285714,TEN -  Ryan Succop,SF -  Phil Dawson,DET -  Matt Prater,GB -  Mason Crosby,  
NO,67.33333333333333,LA -  Case Keenum,DET -  Matthew Stafford,TB -  Jameis Winston,ARI -  Carson Palmer Drew Stanton,  ,CLE,37.51428571428572,NYG -  Shane Vereen Rashad Jennings Orleans Darkwa Bobby Rainey Paul Perkins,BYE,CIN -  Jeremy Hill Giovani Bernard Rex Burkhead,BUF -  LeSean McCoy Mike Gillislee Jonathan Williams Jerome Felton Reggie Bush,  ,NO,46.633333333333326,LA -  Kenny Britt Brian Quick Tavon Austin Bradley Marquez Pharoh Cooper Mike Thomas,DET -  Marvin Jones Golden Tate Anquan Boldin Andre Roberts,TB -  Mike Evans Adam Humphries Vincent Jackson Russell Shepard Cecil Shorts Freddie Martino,ARI -  Larry Fitzgerald John Brown Michael Floyd Jaron Brown J.J. Nelson Brittan Golden,  ,DAL,16.866666666666664,WAS -  Jordan Reed Vernon Davis Niles Paul,MIN -  Kyle Rudolph Rhett Ellison MyCole Pruitt,NYG -  Will Tye Larry Donnell Jerell Adams,TB -  Cameron Brate Brandon Myers,  ,SF,8.142857142857142,MIA -  Andrew Franks,CHI -  Connor Barth,NYJ -  Nick Folk,ATL -  Matt Bryant,  
CAR,67.33333333333333,OAK -  Derek Carr,SEA -  Russell Wilson Trevone Boykin,SD -  Philip Rivers Kellen Clemens,WAS -  Kirk Cousins,  ,TB,36.333333333333336,SEA -  Christine Michael Thomas Rawls Alex Collins C.J. Spiller C.J. Prosise,SD -  Melvin Gordon Danny Woodhead Kenneth Farrow,NO -  Mark Ingram Tim Hightower Daniel Lasco Travaris Cadet Marcus Murphy,DAL -  Ezekiel Elliott Alfred Morris Lance Dunbar Rod Smith,  ,CAR,45.699999999999996,OAK -  Amari Cooper Michael Crabtree Seth Roberts Andre Holmes Johnny Holton,SEA -  Doug Baldwin Jermaine Kearse Tyler Lockett Paul Richardson Tanner McEvoy,SD -  Tyrell Williams Travis Benjamin Dontrelle Inman Keenan Allen Dexter McCluster Griff Whalen,WAS -  Jamison Crowder DeSean Jackson Pierre Garcon Josh Doctson Ryan Grant Rashad Ross,  ,IND,16.6,PIT -  Jesse James Xavier Grimble David Johnson,NYJ -  Austin Seferian-Jenkins Brandon Bostick Kellen Davis Braedon Bowman,HOU -  C.J. Fiedorowicz Ryan Griffin Stephen Anderson,MIN -  Kyle Rudolph Rhett Ellison MyCole Pruitt,  ,HOU,8.142857142857142,SD -  Josh Lambo,GB -  Mason Crosby,IND -  Adam Vinatieri,JAC -  Jason Myers,  
IND,65.88571428571427,PIT -  Ben Roethlisberger Landry Jones,NYJ -  Ryan Fitzpatrick Geno Smith,HOU -  Brock Osweiler,MIN -  Sam Bradford Shaun Hill,  ,ATL,35.51428571428571,ARI -  David Johnson Chris Johnson Andre Ellington Stepfan Taylor,KC -  Spencer Ware Charcandrick West Jamaal Charles,LA -  Todd Gurley Benny Cunningham Malcolm Brown Chase Reynolds,SF -  Carlos Hyde Shaun Draughn DuJuan Harris Mike Davis,  ,CLE,45.48571428571429,NYG -  Odell Beckham Sterling Shepard Victor Cruz Roger Lewis Dwayne Harris Tavarres King,BYE,CIN -  A.J. Green Brandon LaFell Tyler Boyd James Wright Alex Erickson Cody Core,BUF -  Marquise Goodwin Robert Woods Greg Salas Walt Powell Sammy Watkins Justin Hunter Brandon Tate,  ,OAK,16.45714285714286,CAR -  Greg Olsen Ed Dickson,BUF -  Charles Clay Nick O'Leary,KC -  Travis Kelce Demetrius Harris Ross Travis James O'Shaughnessy,SD -  Hunter Henry Antonio Gates Sean McGrath,  ,BUF,7.714285714285714,JAC -  Jason Myers,OAK -  Sebastian Janikowski,PIT -  Chris Boswell,CLE -  Cody Parkey Patrick Murray,  
NYJ,64.54285714285714,NE -  Tom Brady Jimmy Garoppolo Jacoby Brissett,IND -  Andrew Luck,SF -  Blaine Gabbert Colin Kaepernick,MIA -  Ryan Tannehill,  ,OAK,34.91428571428572,CAR -  Fozzy Whittaker Jonathan Stewart Cameron Artis-Payne,BUF -  LeSean McCoy Mike Gillislee Jonathan Williams Jerome Felton Reggie Bush,KC -  Spencer Ware Charcandrick West Jamaal Charles,SD -  Melvin Gordon Danny Woodhead Kenneth Farrow,  ,JAC,44.96666666666667,BUF -  Marquise Goodwin Robert Woods Greg Salas Walt Powell Sammy Watkins Justin Hunter Brandon Tate,DEN -  Emmanuel Sanders Demaryius Thomas Jordan Norwood Bennie Fowler Jordan Taylor Cody Latimer,MIN -  Stefon Diggs Adam Thielen Cordarrelle Patterson Charles Johnson Jarius Wright Laquon Treadwell,HOU -  DeAndre Hopkins Will Fuller Jaelen Strong Braxton Miller Keith Mumphery,  ,CIN,15.6,BAL -  Dennis Pitta Crockett Gillmore Maxx Williams Darren Waller,PHI -  Zach Ertz Trey Burton Brent Celek,CLE -  Gary Barnidge Connor Hamlett Randall Telfer,PIT -  Jesse James Xavier Grimble David Johnson,  ,DEN,7.714285714285714,KC -  Cairo Santos,JAC -  Jason Myers,TEN -  Ryan Succop,NE -  Stephen Gostkowski,  
PIT,62.6,IND -  Andrew Luck,NYG -  Eli Manning,BUF -  Tyrod Taylor EJ Manuel,CIN -  Andy Dalton,  ,HOU,34.142857142857146,SD -  Melvin Gordon Danny Woodhead Kenneth Farrow,GB -  Eddie Lacy James Starks Don Jackson Knile Davis,IND -  Frank Gore Robert Turbin Josh Ferguson Jordan Todman,JAC -  T.J. Yeldon Chris Ivory Denard Robinson Corey Grant,  ,MIA,44.91428571428572,SF -  Jeremy Kerley Torrey Smith Quinton Patton Rod Streater Aaron Burbridge Keshawn Martin,BAL -  Mike Wallace Steve Smith Breshad Perriman Kamar Aiken Chris Moore Devin Hester,ARI -  Larry Fitzgerald John Brown Michael Floyd Jaron Brown J.J. Nelson Brittan Golden,NYJ -  Brandon Marshall Quincy Enunwa Eric Decker Robby Anderson Charone Peake Jalin Marshall,  ,PIT,15.085714285714285,IND -  Jack Doyle Dwayne Allen Erik Swoope,NYG -  Will Tye Larry Donnell Jerell Adams,BUF -  Charles Clay Nick O'Leary,CIN -  C.J. Uzomah Tyler Kroft Tyler Eifert,  ,CAR,7.666666666666667,OAK -  Sebastian Janikowski,SEA -  Stephen Hauschka,SD -  Josh Lambo,WAS -  Dustin Hopkins,  
DAL,62.566666666666656,WAS -  Kirk Cousins,MIN -  Sam Bradford Shaun Hill,NYG -  Eli Manning,TB -  Jameis Winston,  ,WAS,33.771428571428565,DAL -  Ezekiel Elliott Alfred Morris Lance Dunbar Rod Smith,ARI -  David Johnson Chris Johnson Andre Ellington Stepfan Taylor,PHI -  Ryan Mathews Darren Sproles Wendell Smallwood Kenjon Barner,CAR -  Fozzy Whittaker Jonathan Stewart Cameron Artis-Payne,  ,NYG,44.22857142857142,CLE -  Terrelle Pryor Andrew Hawkins Corey Coleman Ricardo Louis Rashard Higgins Jordan Payton,PIT -  Antonio Brown Sammie Coates Eli Rogers Cobi Hamilton Darrius Heyward-Bey Markus Wheaton,DAL -  Cole Beasley Terrance Williams Dez Bryant Brice Butler Lucky Whitehead,DET -  Marvin Jones Golden Tate Anquan Boldin Andre Roberts,  ,TEN,14.542857142857146,CHI -  Zach Miller Logan Paulsen Ben Braunecker,BYE,DEN -  Virgil Green Jeff Heuerman John Phillips,KC -  Travis Kelce Demetrius Harris Ross Travis James O'Shaughnessy,  ,SD,7.428571428571429,HOU -  Nick Novak,TB -  Roberto Aguayo,CAR -  Graham Gano,OAK -  Sebastian Janikowski,  
SD,61.857142857142854,HOU -  Brock Osweiler,TB -  Jameis Winston,CAR -  Cam Newton Derek Anderson Joe Webb,OAK -  Derek Carr,  ,SD,33.57142857142858,HOU -  Lamar Miller Alfred Blue Jonathan Grimes Tyler Ervin,TB -  Jacquizz Rodgers Charles Sims Peyton Barber Doug Martin Antone Smith Alan Cross,CAR -  Fozzy Whittaker Jonathan Stewart Cameron Artis-Payne,OAK -  DeAndre Washington Latavius Murray Jalen Richard Taiwan Jones,  ,DET,44.17142857142857,MIN -  Stefon Diggs Adam Thielen Cordarrelle Patterson Charles Johnson Jarius Wright Laquon Treadwell,NO -  Brandin Cooks Michael Thomas Willie Snead Brandon Coleman Tommylee Lewis Jake Lampman,CHI -  Alshon Jeffery Eddie Royal Cameron Meredith Kevin White Josh Bellamy Deonte Thompson,NYG -  Odell Beckham Sterling Shepard Victor Cruz Roger Lewis Dwayne Harris Tavarres King,  ,GB,14.366666666666667,PHI -  Zach Ertz Trey Burton Brent Celek,HOU -  C.J. Fiedorowicz Ryan Griffin Stephen Anderson,SEA -  Jimmy Graham Luke Willson Brandon Williams Nick Vannett George Fant,CHI -  Zach Miller Logan Paulsen Ben Braunecker,  ,OAK,7.285714285714286,CAR -  Graham Gano,BUF -  Dan Carpenter,KC -  Cairo Santos,SD -  Josh Lambo,  
CIN,60.285714285714285,BAL -  Joe Flacco,PHI -  Carson Wentz,CLE -  Cody Kessler Josh McCown Robert Griffin III Kevin Hogan,PIT -  Ben Roethlisberger Landry Jones,  ,CIN,33.028571428571425,BAL -  Terrance West Javorius Allen Kenneth Dixon Lorenzo Taliaferro,PHI -  Ryan Mathews Darren Sproles Wendell Smallwood Kenjon Barner,CLE -  Isaiah Crowell Duke Johnson George Atkinson,PIT -  Le'Veon Bell DeAngelo Williams Fitzgerald Toussaint,  ,BAL,43.800000000000004,CIN -  A.J. Green Brandon LaFell Tyler Boyd James Wright Alex Erickson Cody Core,MIA -  Jarvis Landry Kenny Stills DeVante Parker Leonte Carroo Jakeem Grant,NE -  Julian Edelman Chris Hogan Danny Amendola Malcolm Mitchell Matthew Slater,PHI -  Jordan Matthews Nelson Agholor Dorial Green-Beckham Josh Huff,  ,NYJ,13.999999999999998,NE -  Rob Gronkowski Martellus Bennett,IND -  Jack Doyle Dwayne Allen Erik Swoope,SF -  Vance McDonald Garrett Celek Blake Bell Je'Ron Hamm,MIA -  Dion Sims MarQueis Gray Jordan Cameron Dominique Jones,  ,ATL,7.285714285714286,ARI -  Chandler Catanzaro,KC -  Cairo Santos,LA -  Greg Zuerlein,SF -  Phil Dawson,  
KC,57.56666666666667,DEN -  Trevor Siemian Paxton Lynch,ATL -  Matt Ryan,OAK -  Derek Carr,TEN -  Marcus Mariota Matt Cassel,  ,KC,32.43333333333334,DEN -  C.J. Anderson Devontae Booker Kapri Bibbs,ATL -  Devonta Freeman Tevin Coleman,OAK -  DeAndre Washington Latavius Murray Jalen Richard Taiwan Jones,TEN -  DeMarco Murray Derrick Henry Antonio Andrews,  ,LA,43.65714285714286,NO -  Brandin Cooks Michael Thomas Willie Snead Brandon Coleman Tommylee Lewis Jake Lampman,NE -  Julian Edelman Chris Hogan Danny Amendola Malcolm Mitchell Matthew Slater,ATL -  Julio Jones Mohamed Sanu Taylor Gabriel Aldrick Robinson Justin Hardy Eric Weems,SEA -  Doug Baldwin Jermaine Kearse Tyler Lockett Paul Richardson Tanner McEvoy,  ,SF,13.4,MIA -  Dion Sims MarQueis Gray Jordan Cameron Dominique Jones,CHI -  Zach Miller Logan Paulsen Ben Braunecker,NYJ -  Austin Seferian-Jenkins Brandon Bostick Kellen Davis Braedon Bowman,ATL -  Jacob Tamme Austin Hooper Levine Toilolo,  ,PIT,7.142857142857143,IND -  Adam Vinatieri,NYG -  Robbie Gould,BUF -  Dan Carpenter,CIN -  Mike Nugent,  
CHI,57.05714285714286,TEN -  Marcus Mariota Matt Cassel,SF -  Blaine Gabbert Colin Kaepernick,DET -  Matthew Stafford,GB -  Aaron Rodgers,  ,DEN,31.400000000000002,KC -  Spencer Ware Charcandrick West Jamaal Charles,JAC -  T.J. Yeldon Chris Ivory Denard Robinson Corey Grant,TEN -  DeMarco Murray Derrick Henry Antonio Andrews,NE -  LeGarrette Blount James White D.J. Foster Brandon Bolden,  ,BUF,43.0,JAC -  Allen Hurns Marqise Lee Allen Robinson Arrelious Benn Rashad Greene Bryan Walters,OAK -  Amari Cooper Michael Crabtree Seth Roberts Andre Holmes Johnny Holton,PIT -  Antonio Brown Sammie Coates Eli Rogers Cobi Hamilton Darrius Heyward-Bey Markus Wheaton,CLE -  Terrelle Pryor Andrew Hawkins Corey Coleman Ricardo Louis Rashard Higgins Jordan Payton,  ,MIA,13.371428571428572,SF -  Vance McDonald Garrett Celek Blake Bell Je'Ron Hamm,BAL -  Dennis Pitta Crockett Gillmore Maxx Williams Darren Waller,ARI -  Jermaine Gresham Darren Fells Ifeanyi Momah Troy Niklas Hakeem Valles,NYJ -  Austin Seferian-Jenkins Brandon Bostick Kellen Davis Braedon Bowman,  ,TEN,7.142857142857143,CHI -  Connor Barth,BYE,DEN -  Brandon McManus,KC -  Cairo Santos,  
SF,56.97142857142857,MIA -  Ryan Tannehill,CHI -  Brian Hoyer Jay Cutler Matt Barkley,NYJ -  Ryan Fitzpatrick Geno Smith,ATL -  Matt Ryan,  ,BUF,30.914285714285718,JAC -  T.J. Yeldon Chris Ivory Denard Robinson Corey Grant,OAK -  DeAndre Washington Latavius Murray Jalen Richard Taiwan Jones,PIT -  Le'Veon Bell DeAngelo Williams Fitzgerald Toussaint,CLE -  Isaiah Crowell Duke Johnson George Atkinson,  ,GB,42.23333333333334,PHI -  Jordan Matthews Nelson Agholor Dorial Green-Beckham Josh Huff,HOU -  DeAndre Hopkins Will Fuller Jaelen Strong Braxton Miller Keith Mumphery,SEA -  Doug Baldwin Jermaine Kearse Tyler Lockett Paul Richardson Tanner McEvoy,CHI -  Alshon Jeffery Eddie Royal Cameron Meredith Kevin White Josh Bellamy Deonte Thompson,  ,NE,12.714285714285714,NYJ -  Austin Seferian-Jenkins Brandon Bostick Kellen Davis Braedon Bowman,LA -  Lance Kendricks Tyler Higbee Cory Harkey Temarrick Hemingway,BAL -  Dennis Pitta Crockett Gillmore Maxx Williams Darren Waller,DEN -  Virgil Green Jeff Heuerman John Phillips,  ,NYJ,7.0,NE -  Stephen Gostkowski,IND -  Adam Vinatieri,SF -  Phil Dawson,MIA -  Andrew Franks,  
TB,56.96666666666666,SEA -  Russell Wilson Trevone Boykin,SD -  Philip Rivers Kellen Clemens,NO -  Drew Brees,DAL -  Dak Prescott,  ,DET,29.685714285714283,MIN -  Jerick McKinnon Matt Asiata Adrian Peterson Ronnie Hillman,NO -  Mark Ingram Tim Hightower Daniel Lasco Travaris Cadet Marcus Murphy,CHI -  Jordan Howard Jeremy Langford Ka'Deem Carey,NYG -  Shane Vereen Rashad Jennings Orleans Darkwa Bobby Rainey Paul Perkins,  ,DAL,41.2,WAS -  Jamison Crowder DeSean Jackson Pierre Garcon Josh Doctson Ryan Grant Rashad Ross,MIN -  Stefon Diggs Adam Thielen Cordarrelle Patterson Charles Johnson Jarius Wright Laquon Treadwell,NYG -  Odell Beckham Sterling Shepard Victor Cruz Roger Lewis Dwayne Harris Tavarres King,TB -  Mike Evans Adam Humphries Vincent Jackson Russell Shepard Cecil Shorts Freddie Martino,  ,SD,12.42857142857143,HOU -  C.J. Fiedorowicz Ryan Griffin Stephen Anderson,TB -  Cameron Brate Brandon Myers,CAR -  Greg Olsen Ed Dickson,OAK -  Clive Walford Mychal Rivera Lee Smith,  ,TB,6.833333333333333,SEA -  Stephen Hauschka,SD -  Josh Lambo,NO -  Wil Lutz,DAL -  Dan Bailey,  
LA,56.77142857142858,NO -  Drew Brees,NE -  Tom Brady Jimmy Garoppolo Jacoby Brissett,ATL -  Matt Ryan,SEA -  Russell Wilson Trevone Boykin,  ,MIA,28.8,SF -  Carlos Hyde Shaun Draughn DuJuan Harris Mike Davis,BAL -  Terrance West Javorius Allen Kenneth Dixon Lorenzo Taliaferro,ARI -  David Johnson Chris Johnson Andre Ellington Stepfan Taylor,NYJ -  Matt Forte Bilal Powell Troymaine Pope,  ,ATL,40.971428571428575,ARI -  Larry Fitzgerald John Brown Michael Floyd Jaron Brown J.J. Nelson Brittan Golden,KC -  Jeremy Maclin Chris Conley Tyreek Hill Albert Wilson De'Anthony Thomas Demarcus Robinson,LA -  Kenny Britt Brian Quick Tavon Austin Bradley Marquez Pharoh Cooper Mike Thomas,SF -  Jeremy Kerley Torrey Smith Quinton Patton Rod Streater Aaron Burbridge Keshawn Martin,  ,DEN,12.142857142857142,KC -  Travis Kelce Demetrius Harris Ross Travis James O'Shaughnessy,JAC -  Julius Thomas Marcedes Lewis Neal Sterling Ben Koyack,TEN -  Delanie Walker Jace Amaro Anthony Fasano Phillip Supernaw,NE -  Rob Gronkowski Martellus Bennett,  ,CLE,6.571428571428571,NYG -  Robbie Gould,BYE,CIN -  Mike Nugent,BUF -  Dan Carpenter,  
MIA,56.2,SF -  Blaine Gabbert Colin Kaepernick,BAL -  Joe Flacco,ARI -  Carson Palmer Drew Stanton,NYJ -  Ryan Fitzpatrick Geno Smith,  ,PHI,28.63333333333333,GB -  Eddie Lacy James Starks Don Jackson Knile Davis,CIN -  Jeremy Hill Giovani Bernard Rex Burkhead,WAS -  Matt Jones Chris Thompson Rob Kelley,BAL -  Terrance West Javorius Allen Kenneth Dixon Lorenzo Taliaferro,  ,WAS,40.8,DAL -  Cole Beasley Terrance Williams Dez Bryant Brice Butler Lucky Whitehead,ARI -  Larry Fitzgerald John Brown Michael Floyd Jaron Brown J.J. Nelson Brittan Golden,PHI -  Jordan Matthews Nelson Agholor Dorial Green-Beckham Josh Huff,CAR -  Kelvin Benjamin Ted Ginn Corey Brown Devin Funchess,  ,NO,11.966666666666663,LA -  Lance Kendricks Tyler Higbee Cory Harkey Temarrick Hemingway,DET -  Eric Ebron Clay Harbor Cole Wick Khari Lee,TB -  Cameron Brate Brandon Myers,ARI -  Jermaine Gresham Darren Fells Ifeanyi Momah Troy Niklas Hakeem Valles,  ,GB,6.5,PHI -  Caleb Sturgis,HOU -  Nick Novak,SEA -  Stephen Hauschka,CHI -  Connor Barth,  
NYG,55.62857142857143,CLE -  Cody Kessler Josh McCown Robert Griffin III Kevin Hogan,PIT -  Ben Roethlisberger Landry Jones,DAL -  Dak Prescott,DET -  Matthew Stafford,  ,LA,27.28571428571428,NO -  Mark Ingram Tim Hightower Daniel Lasco Travaris Cadet Marcus Murphy,NE -  LeGarrette Blount James White D.J. Foster Brandon Bolden,ATL -  Devonta Freeman Tevin Coleman,SEA -  Christine Michael Thomas Rawls Alex Collins C.J. Spiller C.J. Prosise,  ,SD,40.714285714285715,HOU -  DeAndre Hopkins Will Fuller Jaelen Strong Braxton Miller Keith Mumphery,TB -  Mike Evans Adam Humphries Vincent Jackson Russell Shepard Cecil Shorts Freddie Martino,CAR -  Kelvin Benjamin Ted Ginn Corey Brown Devin Funchess,OAK -  Amari Cooper Michael Crabtree Seth Roberts Andre Holmes Johnny Holton,  ,TB,10.799999999999999,SEA -  Jimmy Graham Luke Willson Brandon Williams Nick Vannett George Fant,SD -  Hunter Henry Antonio Gates Sean McGrath,NO -  Coby Fleener Josh Hill,DAL -  Jason Witten Geoff Swaim Gavin Escobar,  ,DET,6.428571428571429,MIN -  Blair Walsh,NO -  Wil Lutz,CHI -  Connor Barth,NYG -  Robbie Gould,  
TEN,54.42857142857143,CHI -  Brian Hoyer Jay Cutler Matt Barkley,BYE,DEN -  Trevor Siemian Paxton Lynch,KC -  Alex Smith,  ,NE,27.228571428571428,NYJ -  Matt Forte Bilal Powell Troymaine Pope,LA -  Todd Gurley Benny Cunningham Malcolm Brown Chase Reynolds,BAL -  Terrance West Javorius Allen Kenneth Dixon Lorenzo Taliaferro,DEN -  C.J. Anderson Devontae Booker Kapri Bibbs,  ,SF,40.57142857142857,MIA -  Jarvis Landry Kenny Stills DeVante Parker Leonte Carroo Jakeem Grant,CHI -  Alshon Jeffery Eddie Royal Cameron Meredith Kevin White Josh Bellamy Deonte Thompson,NYJ -  Brandon Marshall Quincy Enunwa Eric Decker Robby Anderson Charone Peake Jalin Marshall,ATL -  Julio Jones Mohamed Sanu Taylor Gabriel Aldrick Robinson Justin Hardy Eric Weems,  ,MIN,10.6,DET -  Eric Ebron Clay Harbor Cole Wick Khari Lee,DAL -  Jason Witten Geoff Swaim Gavin Escobar,JAC -  Julius Thomas Marcedes Lewis Neal Sterling Ben Koyack,IND -  Jack Doyle Dwayne Allen Erik Swoope,  ,NO,6.333333333333333,LA -  Greg Zuerlein,DET -  Matt Prater,TB -  Roberto Aguayo,ARI -  Chandler Catanzaro,  
NE,54.25714285714286,NYJ -  Ryan Fitzpatrick Geno Smith,LA -  Case Keenum,BAL -  Joe Flacco,DEN -  Trevor Siemian Paxton Lynch,  ,NYJ,26.600000000000005,NE -  LeGarrette Blount James White D.J. Foster Brandon Bolden,IND -  Frank Gore Robert Turbin Josh Ferguson Jordan Todman,SF -  Carlos Hyde Shaun Draughn DuJuan Harris Mike Davis,MIA -  Jay Ajayi Kenyan Drake Damien Williams,  ,TB,39.26666666666667,SEA -  Doug Baldwin Jermaine Kearse Tyler Lockett Paul Richardson Tanner McEvoy,SD -  Tyrell Williams Travis Benjamin Dontrelle Inman Keenan Allen Dexter McCluster Griff Whalen,NO -  Brandin Cooks Michael Thomas Willie Snead Brandon Coleman Tommylee Lewis Jake Lampman,DAL -  Cole Beasley Terrance Williams Dez Bryant Brice Butler Lucky Whitehead,  ,NYG,10.485714285714284,CLE -  Gary Barnidge Connor Hamlett Randall Telfer,PIT -  Jesse James Xavier Grimble David Johnson,DAL -  Jason Witten Geoff Swaim Gavin Escobar,DET -  Eric Ebron Clay Harbor Cole Wick Khari Lee,  ,MIA,6.285714285714286,SF -  Phil Dawson,BAL -  Justin Tucker,ARI -  Chandler Catanzaro,NYJ -  Nick Folk,  
GB,53.93333333333333,PHI -  Carson Wentz,HOU -  Brock Osweiler,SEA -  Russell Wilson Trevone Boykin,CHI -  Brian Hoyer Jay Cutler Matt Barkley,  ,MIN,26.5,DET -  Theo Riddick Ameer Abdullah Dwayne Washington Justin Forsett,DAL -  Ezekiel Elliott Alfred Morris Lance Dunbar Rod Smith,JAC -  T.J. Yeldon Chris Ivory Denard Robinson Corey Grant,IND -  Frank Gore Robert Turbin Josh Ferguson Jordan Todman,  ,NE,39.0,NYJ -  Brandon Marshall Quincy Enunwa Eric Decker Robby Anderson Charone Peake Jalin Marshall,LA -  Kenny Britt Brian Quick Tavon Austin Bradley Marquez Pharoh Cooper Mike Thomas,BAL -  Mike Wallace Steve Smith Breshad Perriman Kamar Aiken Chris Moore Devin Hester,DEN -  Emmanuel Sanders Demaryius Thomas Jordan Norwood Bennie Fowler Jordan Taylor Cody Latimer,  ,WAS,10.142857142857144,DAL -  Jason Witten Geoff Swaim Gavin Escobar,ARI -  Jermaine Gresham Darren Fells Ifeanyi Momah Troy Niklas Hakeem Valles,PHI -  Zach Ertz Trey Burton Brent Celek,CAR -  Greg Olsen Ed Dickson,  ,WAS,6.142857142857143,DAL -  Dan Bailey,ARI -  Chandler Catanzaro,PHI -  Caleb Sturgis,CAR -  Graham Gano,  
JAC,52.53333333333333,BUF -  Tyrod Taylor EJ Manuel,DEN -  Trevor Siemian Paxton Lynch,MIN -  Sam Bradford Shaun Hill,HOU -  Brock Osweiler,  ,TEN,26.45714285714286,CHI -  Jordan Howard Jeremy Langford Ka'Deem Carey,BYE,DEN -  C.J. Anderson Devontae Booker Kapri Bibbs,KC -  Spencer Ware Charcandrick West Jamaal Charles,  ,TEN,38.28571428571429,CHI -  Alshon Jeffery Eddie Royal Cameron Meredith Kevin White Josh Bellamy Deonte Thompson,BYE,DEN -  Emmanuel Sanders Demaryius Thomas Jordan Norwood Bennie Fowler Jordan Taylor Cody Latimer,KC -  Jeremy Maclin Chris Conley Tyreek Hill Albert Wilson De'Anthony Thomas Demarcus Robinson,  ,LA,9.428571428571429,NO -  Coby Fleener Josh Hill,NE -  Rob Gronkowski Martellus Bennett,ATL -  Jacob Tamme Austin Hooper Levine Toilolo,SEA -  Jimmy Graham Luke Willson Brandon Williams Nick Vannett George Fant,  ,KC,5.666666666666667,DEN -  Brandon McManus,ATL -  Matt Bryant,OAK -  Sebastian Janikowski,TEN -  Ryan Succop,  
WAS,52.39999999999999,DAL -  Dak Prescott,ARI -  Carson Palmer Drew Stanton,PHI -  Carson Wentz,CAR -  Cam Newton Derek Anderson Joe Webb,  ,NYG,26.08571428571429,CLE -  Isaiah Crowell Duke Johnson George Atkinson,PIT -  Le'Veon Bell DeAngelo Williams Fitzgerald Toussaint,DAL -  Ezekiel Elliott Alfred Morris Lance Dunbar Rod Smith,DET -  Theo Riddick Ameer Abdullah Dwayne Washington Justin Forsett,  ,ARI,36.771428571428565,ATL -  Julio Jones Mohamed Sanu Taylor Gabriel Aldrick Robinson Justin Hardy Eric Weems,WAS -  Jamison Crowder DeSean Jackson Pierre Garcon Josh Doctson Ryan Grant Rashad Ross,MIA -  Jarvis Landry Kenny Stills DeVante Parker Leonte Carroo Jakeem Grant,NO -  Brandin Cooks Michael Thomas Willie Snead Brandon Coleman Tommylee Lewis Jake Lampman,  ,SEA,9.200000000000001,TB -  Cameron Brate Brandon Myers,CAR -  Greg Olsen Ed Dickson,GB -  Richard Rodgers Jared Cook Justin Perillo,LA -  Lance Kendricks Tyler Higbee Cory Harkey Temarrick Hemingway,  ,DAL,5.333333333333333,WAS -  Dustin Hopkins,MIN -  Blair Walsh,NYG -  Robbie Gould,TB -  Roberto Aguayo,  
BAL,51.17142857142858,CIN -  Andy Dalton,MIA -  Ryan Tannehill,NE -  Tom Brady Jimmy Garoppolo Jacoby Brissett,PHI -  Carson Wentz,  ,BAL,25.971428571428568,CIN -  Jeremy Hill Giovani Bernard Rex Burkhead,MIA -  Jay Ajayi Kenyan Drake Damien Williams,NE -  LeGarrette Blount James White D.J. Foster Brandon Bolden,PHI -  Ryan Mathews Darren Sproles Wendell Smallwood Kenjon Barner,  ,IND,36.42857142857143,PIT -  Antonio Brown Sammie Coates Eli Rogers Cobi Hamilton Darrius Heyward-Bey Markus Wheaton,NYJ -  Brandon Marshall Quincy Enunwa Eric Decker Robby Anderson Charone Peake Jalin Marshall,HOU -  DeAndre Hopkins Will Fuller Jaelen Strong Braxton Miller Keith Mumphery,MIN -  Stefon Diggs Adam Thielen Cordarrelle Patterson Charles Johnson Jarius Wright Laquon Treadwell,  ,CHI,9.057142857142857,TEN -  Delanie Walker Jace Amaro Anthony Fasano Phillip Supernaw,SF -  Vance McDonald Garrett Celek Blake Bell Je'Ron Hamm,DET -  Eric Ebron Clay Harbor Cole Wick Khari Lee,GB -  Richard Rodgers Jared Cook Justin Perillo,  ,CIN,5.142857142857143,BAL -  Justin Tucker,PHI -  Caleb Sturgis,CLE -  Cody Parkey Patrick Murray,PIT -  Chris Boswell,  
BUF,48.94285714285714,JAC -  Blake Bortles,OAK -  Derek Carr,PIT -  Ben Roethlisberger Landry Jones,CLE -  Cody Kessler Josh McCown Robert Griffin III Kevin Hogan,  ,JAC,25.5,BUF -  LeSean McCoy Mike Gillislee Jonathan Williams Jerome Felton Reggie Bush,DEN -  C.J. Anderson Devontae Booker Kapri Bibbs,MIN -  Jerick McKinnon Matt Asiata Adrian Peterson Ronnie Hillman,HOU -  Lamar Miller Alfred Blue Jonathan Grimes Tyler Ervin,  ,PHI,36.166666666666664,GB -  Randall Cobb Davante Adams Jordy Nelson Ty Montgomery Jeff Janis Jared Abbrederis Trevor Davis,CIN -  A.J. Green Brandon LaFell Tyler Boyd James Wright Alex Erickson Cody Core,WAS -  Jamison Crowder DeSean Jackson Pierre Garcon Josh Doctson Ryan Grant Rashad Ross,BAL -  Mike Wallace Steve Smith Breshad Perriman Kamar Aiken Chris Moore Devin Hester,  ,KC,8.066666666666668,DEN -  Virgil Green Jeff Heuerman John Phillips,ATL -  Jacob Tamme Austin Hooper Levine Toilolo,OAK -  Clive Walford Mychal Rivera Lee Smith,TEN -  Delanie Walker Jace Amaro Anthony Fasano Phillip Supernaw,  ,SEA,5.0,TB -  Roberto Aguayo,CAR -  Graham Gano,GB -  Mason Crosby,LA -  Greg Zuerlein,  
SEA,46.76666666666667,TB -  Jameis Winston,CAR -  Cam Newton Derek Anderson Joe Webb,GB -  Aaron Rodgers,LA -  Case Keenum,  ,CAR,24.600000000000005,OAK -  DeAndre Washington Latavius Murray Jalen Richard Taiwan Jones,SEA -  Christine Michael Thomas Rawls Alex Collins C.J. Spiller C.J. Prosise,SD -  Melvin Gordon Danny Woodhead Kenneth Farrow,WAS -  Matt Jones Chris Thompson Rob Kelley,  ,SEA,35.56666666666666,TB -  Mike Evans Adam Humphries Vincent Jackson Russell Shepard Cecil Shorts Freddie Martino,CAR -  Kelvin Benjamin Ted Ginn Corey Brown Devin Funchess,GB -  Randall Cobb Davante Adams Jordy Nelson Ty Montgomery Jeff Janis Jared Abbrederis Trevor Davis,LA -  Kenny Britt Brian Quick Tavon Austin Bradley Marquez Pharoh Cooper Mike Thomas,  ,BAL,7.2,CIN -  C.J. Uzomah Tyler Kroft Tyler Eifert,MIA -  Dion Sims MarQueis Gray Jordan Cameron Dominique Jones,NE -  Rob Gronkowski Martellus Bennett,PHI -  Zach Ertz Trey Burton Brent Celek,  ,ARI,4.857142857142857,ATL -  Matt Bryant,WAS -  Dustin Hopkins,MIA -  Andrew Franks,NO -  Wil Lutz,  
PHI,43.26666666666667,GB -  Aaron Rodgers,CIN -  Andy Dalton,WAS -  Kirk Cousins,BAL -  Joe Flacco,  ,DAL,24.2,WAS -  Matt Jones Chris Thompson Rob Kelley,MIN -  Jerick McKinnon Matt Asiata Adrian Peterson Ronnie Hillman,NYG -  Shane Vereen Rashad Jennings Orleans Darkwa Bobby Rainey Paul Perkins,TB -  Jacquizz Rodgers Charles Sims Peyton Barber Doug Martin Antone Smith Alan Cross,  ,PIT,34.48571428571428,IND -  T.Y. Hilton Phillip Dorsett Chester Rogers Donte Moncrief Quan Bray Devin Street,NYG -  Odell Beckham Sterling Shepard Victor Cruz Roger Lewis Dwayne Harris Tavarres King,BUF -  Marquise Goodwin Robert Woods Greg Salas Walt Powell Sammy Watkins Justin Hunter Brandon Tate,CIN -  A.J. Green Brandon LaFell Tyler Boyd James Wright Alex Erickson Cody Core,  ,HOU,7.057142857142857,SD -  Hunter Henry Antonio Gates Sean McGrath,GB -  Richard Rodgers Jared Cook Justin Perillo,IND -  Jack Doyle Dwayne Allen Erik Swoope,JAC -  Julius Thomas Marcedes Lewis Neal Sterling Ben Koyack,  ,NE,4.428571428571429,NYJ -  Nick Folk,LA -  Greg Zuerlein,BAL -  Justin Tucker,DEN -  Brandon McManus,  
ARI,43.142857142857146,ATL -  Matt Ryan,WAS -  Kirk Cousins,MIA -  Ryan Tannehill,NO -  Drew Brees,  ,CHI,22.68571428571428,TEN -  DeMarco Murray Derrick Henry Antonio Andrews,SF -  Carlos Hyde Shaun Draughn DuJuan Harris Mike Davis,DET -  Theo Riddick Ameer Abdullah Dwayne Washington Justin Forsett,GB -  Eddie Lacy James Starks Don Jackson Knile Davis,  ,CIN,34.45714285714286,BAL -  Mike Wallace Steve Smith Breshad Perriman Kamar Aiken Chris Moore Devin Hester,PHI -  Jordan Matthews Nelson Agholor Dorial Green-Beckham Josh Huff,CLE -  Terrelle Pryor Andrew Hawkins Corey Coleman Ricardo Louis Rashard Higgins Jordan Payton,PIT -  Antonio Brown Sammie Coates Eli Rogers Cobi Hamilton Darrius Heyward-Bey Markus Wheaton,  ,JAC,6.533333333333334,BUF -  Charles Clay Nick O'Leary,DEN -  Virgil Green Jeff Heuerman John Phillips,MIN -  Kyle Rudolph Rhett Ellison MyCole Pruitt,HOU -  C.J. Fiedorowicz Ryan Griffin Stephen Anderson,  ,LA,4.285714285714286,NO -  Wil Lutz,NE -  Stephen Gostkowski,ATL -  Matt Bryant,SEA -  Stephen Hauschka,  
HOU,43.142857142857146,SD -  Philip Rivers Kellen Clemens,GB -  Aaron Rodgers,IND -  Andrew Luck,JAC -  Blake Bortles,  ,SEA,22.400000000000002,TB -  Jacquizz Rodgers Charles Sims Peyton Barber Doug Martin Antone Smith Alan Cross,CAR -  Fozzy Whittaker Jonathan Stewart Cameron Artis-Payne,GB -  Eddie Lacy James Starks Don Jackson Knile Davis,LA -  Todd Gurley Benny Cunningham Malcolm Brown Chase Reynolds,  ,HOU,32.51428571428571,SD -  Tyrell Williams Travis Benjamin Dontrelle Inman Keenan Allen Dexter McCluster Griff Whalen,GB -  Randall Cobb Davante Adams Jordy Nelson Ty Montgomery Jeff Janis Jared Abbrederis Trevor Davis,IND -  T.Y. Hilton Phillip Dorsett Chester Rogers Donte Moncrief Quan Bray Devin Street,JAC -  Allen Hurns Marqise Lee Allen Robinson Arrelious Benn Rashad Greene Bryan Walters,  ,BUF,6.514285714285714,JAC -  Julius Thomas Marcedes Lewis Neal Sterling Ben Koyack,OAK -  Clive Walford Mychal Rivera Lee Smith,PIT -  Jesse James Xavier Grimble David Johnson,CLE -  Gary Barnidge Connor Hamlett Randall Telfer,  ,PHI,4.166666666666667,GB -  Mason Crosby,CIN -  Mike Nugent,WAS -  Dustin Hopkins,BAL -  Justin Tucker,  
MIN,41.9,DET -  Matthew Stafford,DAL -  Dak Prescott,JAC -  Blake Bortles,IND -  Andrew Luck,  ,ARI,22.085714285714293,ATL -  Devonta Freeman Tevin Coleman,WAS -  Matt Jones Chris Thompson Rob Kelley,MIA -  Jay Ajayi Kenyan Drake Damien Williams,NO -  Mark Ingram Tim Hightower Daniel Lasco Travaris Cadet Marcus Murphy,  ,MIN,26.33333333333334,DET -  Marvin Jones Golden Tate Anquan Boldin Andre Roberts,DAL -  Cole Beasley Terrance Williams Dez Bryant Brice Butler Lucky Whitehead,JAC -  Allen Hurns Marqise Lee Allen Robinson Arrelious Benn Rashad Greene Bryan Walters,IND -  T.Y. Hilton Phillip Dorsett Chester Rogers Donte Moncrief Quan Bray Devin Street,  ,PHI,5.933333333333334,GB -  Richard Rodgers Jared Cook Justin Perillo,CIN -  C.J. Uzomah Tyler Kroft Tyler Eifert,WAS -  Jordan Reed Vernon Davis Niles Paul,BAL -  Dennis Pitta Crockett Gillmore Maxx Williams Darren Waller,  ,MIN,3.6666666666666665,DET -  Matt Prater,DAL -  Dan Bailey,JAC -  Jason Myers,IND -  Adam Vinatieri,  
DEN,39.25714285714285,KC -  Alex Smith,JAC -  Blake Bortles,TEN -  Marcus Mariota Matt Cassel,NE -  Tom Brady Jimmy Garoppolo Jacoby Brissett,  ,GB,20.100000000000005,PHI -  Ryan Mathews Darren Sproles Wendell Smallwood Kenjon Barner,HOU -  Lamar Miller Alfred Blue Jonathan Grimes Tyler Ervin,SEA -  Christine Michael Thomas Rawls Alex Collins C.J. Spiller C.J. Prosise,CHI -  Jordan Howard Jeremy Langford Ka'Deem Carey,  ,DEN,20.057142857142853,KC -  Jeremy Maclin Chris Conley Tyreek Hill Albert Wilson De'Anthony Thomas Demarcus Robinson,JAC -  Allen Hurns Marqise Lee Allen Robinson Arrelious Benn Rashad Greene Bryan Walters,TEN -  Rishard Matthews Tajae Sharpe Kendall Wright Andre Johnson Harry Douglas Marc Mariani,NE -  Julian Edelman Chris Hogan Danny Amendola Malcolm Mitchell Matthew Slater,  ,ARI,4.885714285714286,ATL -  Jacob Tamme Austin Hooper Levine Toilolo,WAS -  Jordan Reed Vernon Davis Niles Paul,MIA -  Dion Sims MarQueis Gray Jordan Cameron Dominique Jones,NO -  Coby Fleener Josh Hill,  ,BAL,2.2857142857142856,CIN -  Mike Nugent,MIA -  Andrew Franks,NE -  Stephen Gostkowski,PHI -  Caleb Sturgis,  
